date,document_id,document_type,related_asset_tags,event_or_change,status,references
2025-07-01,SYN-PRG-MANIFEST-001,corpus_manifest,,Synthetic corpus control baseline created,Reviewed for Demo,SYN-PRG-DICT-001;SYN-PRG-TIMELINE-001;SYN-PRG-LINKMAP-001
2025-07-01,SYN-PRG-DICT-001,data_dictionary,,Synthetic metadata and vocabulary baseline created,Reviewed for Demo,SYN-PRG-MANIFEST-001
2025-07-01,SYN-PRG-TIMELINE-001,timeline,,Fictional chronology baseline created,Reviewed for Demo,SYN-PRG-MANIFEST-001
2025-07-01,SYN-PRG-LINKMAP-001,link_map,,Cross-document reference baseline created,Reviewed for Demo,SYN-PRG-MANIFEST-001
2025-07-01,SYN-PRG-README-001,corpus_readme,,Synthetic corpus scope and safety guide created,Reviewed for Demo,SYN-PRG-MANIFEST-001;SYN-PRG-DICT-001
2025-07-03,SOP-PRG-ETP-001,sop_excerpt,ETP-601;AIT-601;AAH-601;P-601;XV-603,ETP monitoring and handover excerpt issued,Reviewed for Demo,PCP-PID-005
2025-07-05,SOP-PRG-MNT-002,sop_excerpt,P-601;P-401;P-501,Maintenance handover excerpt issued,Reviewed for Demo,PCP-PID-003;PCP-PID-004;PCP-PID-005
2025-07-07,SOP-PRG-UTL-003,sop_excerpt,B-501;P-501;PSV-501,Boiler verification excerpt issued,Reviewed for Demo,PCP-PID-004
2025-07-10,SOP-PRG-OPS-004,sop_excerpt,R-201;C-301;ETP-601,Escalation and evidence-recording excerpt issued,Reviewed for Demo,PCP-PID-001;PCP-PID-002;PCP-PID-005
2025-07-18,INS-PRG-R201-001,inspection_report,R-201,Reactor documentation review completed,Reviewed for Demo,SOP-PRG-OPS-004
2025-07-22,INS-PRG-C301-001,inspection_report,C-301;E-301,Distillation follow-up review completed,Follow-up Open,SOP-PRG-OPS-004
2025-07-26,INS-PRG-V401-001,inspection_report,V-401,Storage tank review completed,Reviewed for Demo,PCP-PID-003
2025-07-27,INS-PRG-V402-001,inspection_report,V-402,Floating-roof storage review completed,Reviewed for Demo,PCP-PID-003
2025-08-01,INS-PRG-B501-001,inspection_report,B-501;P-501,Boiler handover evidence review completed,Follow-up Open,SOP-PRG-UTL-003;SOP-PRG-MNT-002
2025-08-05,INS-PRG-ETP601-001,inspection_report,ETP-601,ETP tank records review completed,Reviewed for Demo,SOP-PRG-ETP-001
2025-08-08,INS-PRG-P601-001,inspection_report,P-601,ETP transfer-pump observation recorded,Follow-up Open,SOP-PRG-MNT-002;SOP-PRG-ETP-001
2025-08-10,EMAIL-PRG-001-P601-SPARE,internal_email,P-601,Vendor documentation follow-up sent,Follow-up Open,INS-PRG-P601-001;SOP-PRG-MNT-002
2025-08-12,INS-PRG-AIT601-001,inspection_report,AIT-601;AAH-601,ETP analyser documentation review completed,Follow-up Open,SOP-PRG-ETP-001
2025-08-14,EMAIL-PRG-002-AIT601-FOLLOWUP,internal_email,AIT-601;AAH-601,Analyser inspection follow-up sent,Follow-up Open,INS-PRG-AIT601-001;SOP-PRG-ETP-001
2025-08-15,INS-PRG-XV603-001,inspection_report,XV-603,ETP outlet-valve documentation review completed,Reviewed for Demo,SOP-PRG-ETP-001
2025-08-20,NMR-PRG-ETP-001,near_miss_report,AAH-601;XV-603;AIT-601,ETP evidence-gap training scenario recorded,Follow-up Open,SOP-PRG-ETP-001;INS-PRG-AIT601-001;INS-PRG-XV603-001
2025-08-22,EMAIL-PRG-003-ETP-HANDOVER,internal_email,ETP-601;P-601;AIT-601,ETP evidence-handover reminder sent,Follow-up Open,NMR-PRG-ETP-001;INS-PRG-P601-001;INS-PRG-AIT601-001
2025-08-23,NMR-PRG-UTL-002,near_miss_report,B-501;P-501,Boiler handover training scenario recorded,Follow-up Open,SOP-PRG-UTL-003;SOP-PRG-MNT-002;INS-PRG-B501-001
2025-08-25,EMAIL-PRG-004-BOILER-HANDOVER,internal_email,B-501;P-501,Boiler handover clarification sent,Follow-up Open,NMR-PRG-UTL-002;INS-PRG-B501-001
2025-08-29,NMR-PRG-STO-003,near_miss_report,V-401;P-401;V-402,Storage-transfer communication training scenario recorded,Follow-up Open,INS-PRG-V401-001;INS-PRG-V402-001;SOP-PRG-MNT-002
2025-08-31,EMAIL-PRG-005-STORAGE-TRANSFER,internal_email,V-401;P-401;V-402,Storage-transfer communication follow-up sent,Follow-up Open,NMR-PRG-STO-003
2025-09-03,NMR-PRG-DST-004,near_miss_report,C-301;E-301,Distillation inspection-follow-up training scenario recorded,Follow-up Open,SOP-PRG-OPS-004;INS-PRG-C301-001
2025-09-05,EMAIL-PRG-006-C301-INSPECTION,internal_email,C-301;E-301,Distillation inspection review sent,Follow-up Open,NMR-PRG-DST-004;INS-PRG-C301-001
2025-09-12,EMAIL-PRG-007-SOP-REVISION,internal_email,R-201;C-301;ETP-601,SOP revision notification sent,Reviewed for Demo,SOP-PRG-ETP-001;SOP-PRG-OPS-004
